<?xml version="1.0"?>
<opencv_storage>
<cascade>
  <stageType>BOOST</stageType>
  <featureType>HAAR</featureType>
  <height>46</height>
  <width>38</width>
  <stageParams>
    <boostType>GAB</boostType>
    <minHitRate>9.9500000476837158e-01</minHitRate>
    <maxFalseAlarm>5.0000000000000000e-01</maxFalseAlarm>
    <weightTrimRate>9.4999998807907104e-01</weightTrimRate>
    <maxDepth>1</maxDepth>
    <maxWeakCount>100</maxWeakCount></stageParams>
  <featureParams>
    <maxCatCount>0</maxCatCount>
    <featSize>1</featSize>
    <mode>BASIC</mode></featureParams>
  <stageNum>5</stageNum>
  <stages>
    <!-- stage 0 -->
    <_>
      <maxWeakCount>3</maxWeakCount>
      <stageThreshold>-1.0184422731399536e+00</stageThreshold>
      <weakClassifiers>
        <_>
          <internalNodes>
            0 -1 0 -1.2109212577342987e-02</internalNodes>
          <leafValues>
            -9.3442624807357788e-01 1.8421052396297455e-01</leafValues></_>
        <_>
          <internalNodes>
            0 -1 4 4.5771636068820953e-02</internalNodes>
          <leafValues>
            -6.3365882635116577e-01 8.5058534145355225e-01</leafValues></_>
        <_>
          <internalNodes>
            0 -1 8 -6.6286213696002960e-02</internalNodes>
          <leafValues>
            5.6021022796630859e-01 -5.6899398565292358e-01</leafValues></_></weakClassifiers></_>
    <!-- stage 1 -->
    <_>
      <maxWeakCount>4</maxWeakCount>
      <stageThreshold>-1.3452531099319458e+00</stageThreshold>
      <weakClassifiers>
        <_>
          <internalNodes>
            0 -1 3 1.0695606470108032e-01</internalNodes>
          <leafValues>
            -7.1014493703842163e-01 8.6046510934829712e-01</leafValues></_>
        <_>
          <internalNodes>
            0 -1 2 -1.9865002483129501e-02</internalNodes>
          <leafValues>
            6.7252224683761597e-01 -5.5902016162872314e-01</leafValues></_>
        <_>
          <internalNodes>
            0 -1 10 2.8999005735386163e-05</internalNodes>
          <leafValues>
            6.3668769598007202e-01 -5.3618055582046509e-01</leafValues></_>
        <_>
          <internalNodes>
            0 -1 5 -2.0031176973134279e-03</internalNodes>
          <leafValues>
            -7.3093259334564209e-01 4.6009254455566406e-01</leafValues></_></weakClassifiers></_>
    <!-- stage 2 -->
    <_>
      <maxWeakCount>4</maxWeakCount>
      <stageThreshold>-9.9213474988937378e-01</stageThreshold>
      <weakClassifiers>
        <_>
          <internalNodes>
            0 -1 9 1.7164965393021703e-03</internalNodes>
          <leafValues>
            -7.8645831346511841e-01 6.1643832921981812e-01</leafValues></_>
        <_>
          <internalNodes>
            0 -1 11 -9.1068516485393047e-04</internalNodes>
          <leafValues>
            8.4063786268234253e-01 -5.3434085845947266e-01</leafValues></_>
        <_>
          <internalNodes>
            0 -1 7 -8.5369339212775230e-03</internalNodes>
          <leafValues>
            9.1022735834121704e-01 -4.6835011243820190e-01</leafValues></_>
        <_>
          <internalNodes>
            0 -1 14 -2.7393922209739685e-04</internalNodes>
          <leafValues>
            -4.9323558807373047e-01 7.9701453447341919e-01</leafValues></_></weakClassifiers></_>
    <!-- stage 3 -->
    <_>
      <maxWeakCount>3</maxWeakCount>
      <stageThreshold>-6.4730817079544067e-01</stageThreshold>
      <weakClassifiers>
        <_>
          <internalNodes>
            0 -1 13 -2.5128159904852509e-04</internalNodes>
          <leafValues>
            -8.3547556400299072e-01 1.</leafValues></_>
        <_>
          <internalNodes>
            0 -1 6 -1.9320557476021349e-04</internalNodes>
          <leafValues>
            1. -6.5929234027862549e-01</leafValues></_>
        <_>
          <internalNodes>
            0 -1 12 -2.8561672661453485e-04</internalNodes>
          <leafValues>
            -7.5545167922973633e-01 8.4745973348617554e-01</leafValues></_></weakClassifiers></_>
    <!-- stage 4 -->
    <_>
      <maxWeakCount>1</maxWeakCount>
      <stageThreshold>1.</stageThreshold>
      <weakClassifiers>
        <_>
          <internalNodes>
            0 -1 1 1.3309445977210999e-01</internalNodes>
          <leafValues>
            1. -1.</leafValues></_></weakClassifiers></_></stages>
  <features>
    <_>
      <rects>
        <_>
          0 0 2 46 -1.</_>
        <_>
          0 23 2 23 2.</_></rects>
      <tilted>0</tilted></_>
    <_>
      <rects>
        <_>
          0 0 15 35 -1.</_>
        <_>
          5 0 5 35 3.</_></rects>
      <tilted>0</tilted></_>
    <_>
      <rects>
        <_>
          0 10 30 5 -1.</_>
        <_>
          10 10 10 5 3.</_></rects>
      <tilted>0</tilted></_>
    <_>
      <rects>
        <_>
          0 13 18 28 -1.</_>
        <_>
          9 13 9 28 2.</_></rects>
      <tilted>0</tilted></_>
    <_>
      <rects>
        <_>
          0 23 20 11 -1.</_>
        <_>
          10 23 10 11 2.</_></rects>
      <tilted>0</tilted></_>
    <_>
      <rects>
        <_>
          1 12 1 30 -1.</_>
        <_>
          1 27 1 15 2.</_></rects>
      <tilted>0</tilted></_>
    <_>
      <rects>
        <_>
          8 12 1 9 -1.</_>
        <_>
          8 15 1 3 3.</_></rects>
      <tilted>0</tilted></_>
    <_>
      <rects>
        <_>
          9 14 21 3 -1.</_>
        <_>
          16 14 7 3 3.</_></rects>
      <tilted>0</tilted></_>
    <_>
      <rects>
        <_>
          10 1 28 38 -1.</_>
        <_>
          10 1 14 19 2.</_>
        <_>
          24 20 14 19 2.</_></rects>
      <tilted>0</tilted></_>
    <_>
      <rects>
        <_>
          20 9 6 31 -1.</_>
        <_>
          22 9 2 31 3.</_></rects>
      <tilted>0</tilted></_>
    <_>
      <rects>
        <_>
          26 9 8 4 -1.</_>
        <_>
          26 11 8 2 2.</_></rects>
      <tilted>0</tilted></_>
    <_>
      <rects>
        <_>
          31 10 4 12 -1.</_>
        <_>
          31 14 4 4 3.</_></rects>
      <tilted>0</tilted></_>
    <_>
      <rects>
        <_>
          33 42 4 4 -1.</_>
        <_>
          33 44 4 2 2.</_></rects>
      <tilted>0</tilted></_>
    <_>
      <rects>
        <_>
          34 9 4 7 -1.</_>
        <_>
          36 9 2 7 2.</_></rects>
      <tilted>0</tilted></_>
    <_>
      <rects>
        <_>
          34 36 4 9 -1.</_>
        <_>
          36 36 2 9 2.</_></rects>
      <tilted>0</tilted></_></features></cascade>
</opencv_storage>
