<?xml version="1.0"?>
<opencv_storage>
<stage0>
  <maxWeakCount>3</maxWeakCount>
  <stageThreshold>-1.0184422731399536e+00</stageThreshold>
  <weakClassifiers>
    <_>
      <internalNodes>
        0 -1 257 -1.2109212577342987e-02</internalNodes>
      <leafValues>
        -9.3442624807357788e-01 1.8421052396297455e-01</leafValues></_>
    <_>
      <internalNodes>
        0 -1 58224 4.5771636068820953e-02</internalNodes>
      <leafValues>
        -6.3365882635116577e-01 8.5058534145355225e-01</leafValues></_>
    <_>
      <internalNodes>
        0 -1 679460 -6.6286213696002960e-02</internalNodes>
      <leafValues>
        5.6021022796630859e-01 -5.6899398565292358e-01</leafValues></_></weakClassifiers></stage0>
</opencv_storage>
