<?xml version="1.0"?>
<opencv_storage>
<stage2>
  <maxWeakCount>4</maxWeakCount>
  <stageThreshold>-9.9213474988937378e-01</stageThreshold>
  <weakClassifiers>
    <_>
      <internalNodes>
        0 -1 1159967 1.7164965393021703e-03</internalNodes>
      <leafValues>
        -7.8645831346511841e-01 6.1643832921981812e-01</leafValues></_>
    <_>
      <internalNodes>
        0 -1 1435840 -9.1068516485393047e-04</internalNodes>
      <leafValues>
        8.4063786268234253e-01 -5.3434085845947266e-01</leafValues></_>
    <_>
      <internalNodes>
        0 -1 647899 -8.5369339212775230e-03</internalNodes>
      <leafValues>
        9.1022735834121704e-01 -4.6835011243820190e-01</leafValues></_>
    <_>
      <internalNodes>
        0 -1 1471932 -2.7393922209739685e-04</internalNodes>
      <leafValues>
        -4.9323558807373047e-01 7.9701453447341919e-01</leafValues></_></weakClassifiers></stage2>
</opencv_storage>
