<?xml version="1.0"?>
<opencv_storage>
<stage3>
  <maxWeakCount>3</maxWeakCount>
  <stageThreshold>-6.4730817079544067e-01</stageThreshold>
  <weakClassifiers>
    <_>
      <internalNodes>
        0 -1 1467350 -2.5128159904852509e-04</internalNodes>
      <leafValues>
        -8.3547556400299072e-01 1.</leafValues></_>
    <_>
      <internalNodes>
        0 -1 584096 -1.9320557476021349e-04</internalNodes>
      <leafValues>
        1. -6.5929234027862549e-01</leafValues></_>
    <_>
      <internalNodes>
        0 -1 1464415 -2.8561672661453485e-04</internalNodes>
      <leafValues>
        -7.5545167922973633e-01 8.4745973348617554e-01</leafValues></_></weakClassifiers></stage3>
</opencv_storage>
