<?xml version="1.0"?>
<opencv_storage>
<stage1>
  <maxWeakCount>4</maxWeakCount>
  <stageThreshold>-1.3452531099319458e+00</stageThreshold>
  <weakClassifiers>
    <_>
      <internalNodes>
        0 -1 38160 1.0695606470108032e-01</internalNodes>
      <leafValues>
        -7.1014493703842163e-01 8.6046510934829712e-01</leafValues></_>
    <_>
      <internalNodes>
        0 -1 30782 -1.9865002483129501e-02</internalNodes>
      <leafValues>
        6.7252224683761597e-01 -5.5902016162872314e-01</leafValues></_>
    <_>
      <internalNodes>
        0 -1 1341196 2.8999005735386163e-05</internalNodes>
      <leafValues>
        6.3668769598007202e-01 -5.3618055582046509e-01</leafValues></_>
    <_>
      <internalNodes>
        0 -1 110468 -2.0031176973134279e-03</internalNodes>
      <leafValues>
        -7.3093259334564209e-01 4.6009254455566406e-01</leafValues></_></weakClassifiers></stage1>
</opencv_storage>
